,F001_T1,F001_T1_neg,F001_T2,F001_T2_neg,F001_T3,F001_T3_neg,F001_T4,F001_T4_neg,F001_T5,F001_T5_neg,F001_T6,F001_T6_neg,F001_T7,F001_T7_neg,F001_T8,F001_T8_neg,F002_T1,F002_T1_neg,F002_T2,F002_T2_neg,F002_T3,F002_T3_neg,F002_T4,F002_T4_neg,F002_T5,F002_T5_neg,F002_T6,F002_T6_neg,F002_T7,F002_T7_neg,F002_T8,F002_T8_neg,F003_T1,F003_T1_neg,F003_T2,F003_T2_neg,F003_T3,F003_T3_neg,F003_T4,F003_T4_neg,F003_T5,F003_T5_neg,F003_T6,F003_T6_neg,F003_T7,F003_T7_neg,F003_T8,F003_T8_neg,F004_T1,F004_T1_neg,F004_T2,F004_T2_neg,F004_T3,F004_T3_neg,F004_T4,F004_T4_neg,F004_T5,F004_T5_neg,F004_T6,F004_T6_neg,F004_T7,F004_T7_neg,F004_T8,F004_T8_neg,F005_T1,F005_T1_neg,F005_T2,F005_T2_neg,F005_T3,F005_T3_neg,F005_T4,F005_T4_neg,F005_T5,F005_T5_neg,F005_T6,F005_T6_neg,F005_T7,F005_T7_neg,F005_T8,F005_T8_neg,F006_T1,F006_T1_neg,F006_T2,F006_T2_neg,F006_T3,F006_T3_neg,F006_T4,F006_T4_neg,F006_T5,F006_T5_neg,F006_T6,F006_T6_neg,F006_T7,F006_T7_neg,F006_T8,F006_T8_neg,F007_T1,F007_T1_neg,F007_T2,F007_T2_neg,F007_T3,F007_T3_neg,F007_T4,F007_T4_neg,F007_T5,F007_T5_neg,F007_T6,F007_T6_neg,F007_T7,F007_T7_neg,F007_T8,F007_T8_neg,F008_T1,F008_T1_neg,F008_T2,F008_T2_neg,F008_T3,F008_T3_neg,F008_T4,F008_T4_neg,F008_T5,F008_T5_neg,F008_T6,F008_T6_neg,F008_T7,F008_T7_neg,F008_T8,F008_T8_neg,F009_T1,F009_T1_neg,F009_T2,F009_T2_neg,F009_T3,F009_T3_neg,F009_T4,F009_T4_neg,F009_T5,F009_T5_neg,F009_T6,F009_T6_neg,F009_T7,F009_T7_neg,F009_T8,F009_T8_neg,F010_T1,F010_T1_neg,F010_T2,F010_T2_neg,F010_T3,F010_T3_neg,F010_T4,F010_T4_neg,F010_T5,F010_T5_neg,F010_T6,F010_T6_neg,F010_T7,F010_T7_neg,F010_T8,F010_T8_neg,F011_T1,F011_T1_neg,F011_T2,F011_T2_neg,F011_T3,F011_T3_neg,F011_T4,F011_T4_neg,F011_T5,F011_T5_neg,F011_T6,F011_T6_neg,F011_T7,F011_T7_neg,F011_T8,F011_T8_neg,F012_T1,F012_T1_neg,F012_T2,F012_T2_neg,F012_T3,F012_T3_neg,F012_T4,F012_T4_neg,F012_T5,F012_T5_neg,F012_T6,F012_T6_neg,F012_T7,F012_T7_neg,F012_T8,F012_T8_neg,F013_T1,F013_T1_neg,F013_T2,F013_T2_neg,F013_T3,F013_T3_neg,F013_T4,F013_T4_neg,F013_T5,F013_T5_neg,F013_T6,F013_T6_neg,F013_T7,F013_T7_neg,F013_T8,F013_T8_neg,F014_T1,F014_T1_neg,F014_T2,F014_T2_neg,F014_T3,F014_T3_neg,F014_T4,F014_T4_neg,F014_T5,F014_T5_neg,F014_T6,F014_T6_neg,F014_T7,F014_T7_neg,F014_T8,F014_T8_neg,F015_T1,F015_T1_neg,F015_T2,F015_T2_neg,F015_T3,F015_T3_neg,F015_T4,F015_T4_neg,F015_T5,F015_T5_neg,F015_T6,F015_T6_neg,F015_T7,F015_T7_neg,F015_T8,F015_T8_neg,F016_T1,F016_T1_neg,F016_T2,F016_T2_neg,F016_T3,F016_T3_neg,F016_T4,F016_T4_neg,F016_T5,F016_T5_neg,F016_T6,F016_T6_neg,F016_T7,F016_T7_neg,F016_T8,F016_T8_neg,F017_T1,F017_T1_neg,F017_T2,F017_T2_neg,F017_T3,F017_T3_neg,F017_T4,F017_T4_neg,F017_T5,F017_T5_neg,F017_T6,F017_T6_neg,F017_T7,F017_T7_neg,F017_T8,F017_T8_neg,F018_T1,F018_T1_neg,F018_T2,F018_T2_neg,F018_T3,F018_T3_neg,F018_T4,F018_T4_neg,F018_T5,F018_T5_neg,F018_T6,F018_T6_neg,F018_T7,F018_T7_neg,F018_T8,F018_T8_neg,F019_T1,F019_T1_neg,F019_T2,F019_T2_neg,F019_T3,F019_T3_neg,F019_T4,F019_T4_neg,F019_T5,F019_T5_neg,F019_T6,F019_T6_neg,F019_T7,F019_T7_neg,F019_T8,F019_T8_neg,F020_T1,F020_T1_neg,F020_T2,F020_T2_neg,F020_T3,F020_T3_neg,F020_T4,F020_T4_neg,F020_T5,F020_T5_neg,F020_T6,F020_T6_neg,F020_T7,F020_T7_neg,F020_T8,F020_T8_neg,F021_T1,F021_T1_neg,F021_T2,F021_T2_neg,F021_T3,F021_T3_neg,F021_T4,F021_T4_neg,F021_T5,F021_T5_neg,F021_T6,F021_T6_neg,F021_T7,F021_T7_neg,F021_T8,F021_T8_neg,F022_T1,F022_T1_neg,F022_T2,F022_T2_neg,F022_T3,F022_T3_neg,F022_T4,F022_T4_neg,F022_T5,F022_T5_neg,F022_T6,F022_T6_neg,F022_T7,F022_T7_neg,F022_T8,F022_T8_neg,F023_T1,F023_T1_neg,F023_T2,F023_T2_neg,F023_T3,F023_T3_neg,F023_T4,F023_T4_neg,F023_T5,F023_T5_neg,F023_T6,F023_T6_neg,F023_T7,F023_T7_neg,F023_T8,F023_T8_neg,M001_T1,M001_T1_neg,M001_T2,M001_T2_neg,M001_T3,M001_T3_neg,M001_T4,M001_T4_neg,M001_T5,M001_T5_neg,M001_T6,M001_T6_neg,M001_T7,M001_T7_neg,M001_T8,M001_T8_neg,M002_T1,M002_T1_neg,M002_T2,M002_T2_neg,M002_T3,M002_T3_neg,M002_T4,M002_T4_neg,M002_T5,M002_T5_neg,M002_T6,M002_T6_neg,M002_T7,M002_T7_neg,M002_T8,M002_T8_neg,M003_T1,M003_T1_neg,M003_T2,M003_T2_neg,M003_T3,M003_T3_neg,M003_T4,M003_T4_neg,M003_T5,M003_T5_neg,M003_T6,M003_T6_neg,M003_T7,M003_T7_neg,M003_T8,M003_T8_neg,M004_T1,M004_T1_neg,M004_T2,M004_T2_neg,M004_T3,M004_T3_neg,M004_T4,M004_T4_neg,M004_T5,M004_T5_neg,M004_T6,M004_T6_neg,M004_T7,M004_T7_neg,M004_T8,M004_T8_neg,M005_T1,M005_T1_neg,M005_T2,M005_T2_neg,M005_T3,M005_T3_neg,M005_T4,M005_T4_neg,M005_T5,M005_T5_neg,M005_T6,M005_T6_neg,M005_T7,M005_T7_neg,M005_T8,M005_T8_neg,M006_T1,M006_T1_neg,M006_T2,M006_T2_neg,M006_T3,M006_T3_neg,M006_T4,M006_T4_neg,M006_T5,M006_T5_neg,M006_T6,M006_T6_neg,M006_T7,M006_T7_neg,M006_T8,M006_T8_neg,M007_T1,M007_T1_neg,M007_T2,M007_T2_neg,M007_T3,M007_T3_neg,M007_T4,M007_T4_neg,M007_T5,M007_T5_neg,M007_T6,M007_T6_neg,M007_T7,M007_T7_neg,M007_T8,M007_T8_neg,M008_T1,M008_T1_neg,M008_T2,M008_T2_neg,M008_T3,M008_T3_neg,M008_T4,M008_T4_neg,M008_T5,M008_T5_neg,M008_T6,M008_T6_neg,M008_T7,M008_T7_neg,M008_T8,M008_T8_neg,M009_T1,M009_T1_neg,M009_T2,M009_T2_neg,M009_T3,M009_T3_neg,M009_T4,M009_T4_neg,M009_T5,M009_T5_neg,M009_T6,M009_T6_neg,M009_T7,M009_T7_neg,M009_T8,M009_T8_neg,M010_T1,M010_T1_neg,M010_T2,M010_T2_neg,M010_T3,M010_T3_neg,M010_T4,M010_T4_neg,M010_T5,M010_T5_neg,M010_T6,M010_T6_neg,M010_T7,M010_T7_neg,M010_T8,M010_T8_neg,M011_T1,M011_T1_neg,M011_T2,M011_T2_neg,M011_T3,M011_T3_neg,M011_T4,M011_T4_neg,M011_T5,M011_T5_neg,M011_T6,M011_T6_neg,M011_T7,M011_T7_neg,M011_T8,M011_T8_neg,M012_T1,M012_T1_neg,M012_T2,M012_T2_neg,M012_T3,M012_T3_neg,M012_T4,M012_T4_neg,M012_T5,M012_T5_neg,M012_T6,M012_T6_neg,M012_T7,M012_T7_neg,M012_T8,M012_T8_neg,M013_T1,M013_T1_neg,M013_T2,M013_T2_neg,M013_T3,M013_T3_neg,M013_T4,M013_T4_neg,M013_T5,M013_T5_neg,M013_T6,M013_T6_neg,M013_T7,M013_T7_neg,M013_T8,M013_T8_neg,M014_T1,M014_T1_neg,M014_T2,M014_T2_neg,M014_T3,M014_T3_neg,M014_T4,M014_T4_neg,M014_T5,M014_T5_neg,M014_T6,M014_T6_neg,M014_T7,M014_T7_neg,M014_T8,M014_T8_neg,M015_T1,M015_T1_neg,M015_T2,M015_T2_neg,M015_T3,M015_T3_neg,M015_T4,M015_T4_neg,M015_T5,M015_T5_neg,M015_T6,M015_T6_neg,M015_T7,M015_T7_neg,M015_T8,M015_T8_neg,M016_T1,M016_T1_neg,M016_T2,M016_T2_neg,M016_T3,M016_T3_neg,M016_T4,M016_T4_neg,M016_T5,M016_T5_neg,M016_T6,M016_T6_neg,M016_T7,M016_T7_neg,M016_T8,M016_T8_neg,M017_T1,M017_T1_neg,M017_T2,M017_T2_neg,M017_T3,M017_T3_neg,M017_T4,M017_T4_neg,M017_T5,M017_T5_neg,M017_T6,M017_T6_neg,M017_T7,M017_T7_neg,M017_T8,M017_T8_neg,M018_T1,M018_T1_neg,M018_T2,M018_T2_neg,M018_T3,M018_T3_neg,M018_T4,M018_T4_neg,M018_T5,M018_T5_neg,M018_T6,M018_T6_neg,M018_T7,M018_T7_neg,M018_T8,M018_T8_neg
count_FAU1,320.0,233.0,134.0,440.0,0.0,273.0,0.0,509.0,0.0,518.0,53.0,440.0,162.0,324.0,6.0,522.0,0.0,521.0,62.0,484.0,0.0,251.0,0.0,542.0,26.0,525.0,0.0,553.0,19.0,607.0,0.0,347.0,121.0,391.0,172.0,459.0,0.0,278.0,155.0,355.0,158.0,356.0,0.0,211.0,198.0,318.0,121.0,407.0,58.0,253.0,43.0,458.0,11.0,270.0,295.0,195.0,739.0,29.0,177.0,323.0,137.0,364.0,385.0,0.0,416.0,85.0,501.0,0.0,274.0,29.0,338.0,163.0,472.0,92.0,40.0,487.0,419.0,64.0,276.0,259.0,174.0,258.0,376.0,135.0,96.0,267.0,279.0,247.0,29.0,473.0,211.0,285.0,118.0,356.0,25.0,247.0,114.0,367.0,85.0,418.0,152.0,228.0,356.0,110.0,470.0,23.0,419.0,83.0,183.0,326.0,196.0,43.0,99.0,385.0,331.0,168.0,48.0,255.0,306.0,173.0,325.0,177.0,352.0,129.0,304.0,144.0,0.0,499.0,58.0,368.0,0.0,493.0,16.0,329.0,91.0,406.0,464.0,0.0,0.0,482.0,66.0,389.0,56.0,79.0,0.0,420.0,9.0,367.0,34.0,314.0,41.0,442.0,0.0,495.0,20.0,467.0,120.0,342.0,0.0,195.0,30.0,420.0,0.0,500.0,194.0,225.0,152.0,347.0,16.0,479.0,17.0,461.0,40.0,432.0,0.0,419.0,0.0,486.0,402.0,91.0,139.0,254.0,90.0,400.0,112.0,374.0,10.0,475.0,46.0,445.0,0.0,219.0,0.0,480.0,0.0,500.0,0.0,351.0,37.0,461.0,144.0,354.0,0.0,478.0,0.0,485.0,7.0,137.0,0.0,498.0,0.0,489.0,171.0,143.0,288.0,209.0,370.0,119.0,54.0,408.0,109.0,388.0,0.0,244.0,439.0,47.0,0.0,497.0,0.0,318.0,245.0,255.0,446.0,52.0,0.0,488.0,142.0,359.0,0.0,163.0,0.0,497.0,0.0,499.0,21.0,295.0,0.0,500.0,57.0,443.0,92.0,366.0,0.0,481.0,0.0,259.0,0.0,480.0,56.0,437.0,237.0,213.0,0.0,485.0,0.0,476.0,9.0,731.0,0.0,500.0,0.0,199.0,0.0,487.0,0.0,496.0,43.0,237.0,43.0,446.0,133.0,366.0,6.0,490.0,0.0,510.0,22.0,246.0,0.0,496.0,0.0,492.0,0.0,268.0,0.0,497.0,113.0,384.0,30.0,468.0,0.0,497.0,0.0,244.0,4.0,497.0,499.0,0.0,20.0,310.0,50.0,448.0,128.0,368.0,280.0,207.0,14.0,486.0,59.0,277.0,113.0,381.0,371.0,116.0,30.0,197.0,147.0,347.0,484.0,14.0,228.0,109.0,20.0,475.0,141.0,274.0,37.0,463.0,0.0,496.0,0.0,334.0,203.0,293.0,77.0,420.0,0.0,354.0,10.0,481.0,0.0,425.0,0.0,474.0,493.0,0.0,208.0,175.0,153.0,345.0,237.0,263.0,265.0,229.0,0.0,475.0,338.0,71.0,19.0,593.0,0.0,634.0,18.0,269.0,0.0,590.0,526.0,5.0,0.0,531.0,24.0,558.0,0.0,386.0,196.0,305.0,43.0,560.0,4.0,277.0,61.0,460.0,330.0,163.0,80.0,421.0,0.0,623.0,27.0,283.0,0.0,529.0,124.0,390.0,0.0,234.0,54.0,409.0,209.0,311.0,22.0,286.0,153.0,391.0,81.0,186.0,35.0,450.0,37.0,463.0,26.0,278.0,0.0,511.0,18.0,483.0,12.0,489.0,24.0,477.0,0.0,218.0,0.0,445.0,79.0,519.0,235.0,0.0,163.0,241.0,376.0,133.0,94.0,378.0,245.0,273.0,90.0,0.0,80.0,438.0,6.0,483.0,52.0,173.0,0.0,453.0,42.0,474.0,0.0,505.0,59.0,373.0,137.0,297.0,0.0,467.0,37.0,435.0,0.0,320.0,0.0,467.0,71.0,424.0,18.0,463.0,0.0,481.0,219.0,282.0,0.0,412.0,0.0,499.0,44.0,233.0,42.0,449.0,294.0,211.0,42.0,472.0,331.0,151.0,0.0,111.0,16.0,468.0,0.0,498.0,11.0,203.0,302.0,188.0,73.0,425.0,0.0,503.0,120.0,348.0,18.0,117.0,194.0,275.0,494.0,0.0,55.0,256.0,0.0,485.0,431.0,55.0,91.0,345.0,0.0,475.0,50.0,92.0,0.0,483.0,0.0,499.0,0.0,294.0,83.0,377.0,77.0,412.0,0.0,498.0,37.0,453.0,131.0,125.0,0.0,500.0,2.0,495.0,134.0,200.0,87.0,409.0,53.0,439.0,195.0,301.0,338.0,159.0,0.0,297.0,0.0,499.0,0.0,500.0,45.0,311.0,0.0,486.0,71.0,421.0,0.0,498.0,0.0,495.0,0.0,287.0,28.0,466.0,0.0,498.0,0.0,342.0,8.0,458.0,7.0,492.0,0.0,497.0,0.0,498.0,0.0,189.0,170.0,574.0,0.0,498.0,0.0,335.0,123.0,357.0,405.0,70.0,0.0,344.0,0.0,495.0,70.0,223.0,14.0,479.0,164.0,329.0,0.0,351.0,0.0,503.0,60.0,434.0,0.0,494.0,158.0,308.0,0.0,354.0,0.0,472.0,0.0,489.0,0.0,290.0,95.0,403.0,46.0,455.0,76.0,422.0,64.0,388.0,47.0,295.0,0.0,497.0,0.0,493.0,0.0,324.0,0.0,500.0,0.0,499.0,0.0,489.0,26.0,459.0,13.0,188.0
count_FAU2,138.0,415.0,32.0,542.0,0.0,273.0,0.0,509.0,0.0,518.0,0.0,493.0,47.0,439.0,0.0,528.0,0.0,521.0,0.0,546.0,0.0,251.0,0.0,542.0,0.0,551.0,0.0,553.0,0.0,626.0,0.0,347.0,104.0,408.0,171.0,460.0,96.0,182.0,148.0,362.0,213.0,301.0,0.0,211.0,224.0,292.0,124.0,404.0,108.0,203.0,0.0,501.0,10.0,271.0,298.0,192.0,269.0,499.0,106.0,394.0,190.0,311.0,0.0,385.0,92.0,409.0,0.0,501.0,50.0,253.0,0.0,501.0,0.0,564.0,0.0,527.0,250.0,233.0,40.0,495.0,432.0,0.0,201.0,310.0,243.0,120.0,474.0,52.0,262.0,240.0,395.0,101.0,219.0,255.0,142.0,130.0,138.0,343.0,74.0,429.0,16.0,364.0,363.0,103.0,0.0,493.0,0.0,502.0,0.0,509.0,0.0,239.0,438.0,46.0,0.0,499.0,298.0,5.0,479.0,0.0,502.0,0.0,0.0,481.0,0.0,448.0,0.0,499.0,0.0,426.0,0.0,493.0,0.0,345.0,46.0,451.0,48.0,416.0,0.0,482.0,24.0,431.0,0.0,135.0,136.0,284.0,0.0,376.0,34.0,314.0,174.0,309.0,102.0,393.0,13.0,474.0,283.0,179.0,0.0,195.0,31.0,419.0,0.0,500.0,114.0,305.0,126.0,373.0,0.0,495.0,35.0,443.0,22.0,450.0,0.0,419.0,0.0,486.0,0.0,493.0,0.0,393.0,96.0,394.0,0.0,486.0,0.0,485.0,19.0,472.0,0.0,219.0,0.0,480.0,0.0,500.0,0.0,351.0,21.0,477.0,190.0,308.0,0.0,478.0,34.0,451.0,4.0,140.0,0.0,498.0,0.0,489.0,0.0,314.0,16.0,481.0,14.0,475.0,0.0,462.0,0.0,497.0,0.0,244.0,376.0,110.0,119.0,378.0,0.0,318.0,130.0,370.0,238.0,260.0,0.0,488.0,158.0,343.0,0.0,163.0,30.0,467.0,4.0,495.0,0.0,316.0,15.0,485.0,46.0,454.0,0.0,458.0,0.0,481.0,0.0,259.0,0.0,480.0,38.0,455.0,243.0,207.0,0.0,485.0,27.0,449.0,0.0,740.0,0.0,500.0,0.0,199.0,0.0,487.0,0.0,496.0,18.0,262.0,54.0,435.0,104.0,395.0,0.0,496.0,0.0,510.0,0.0,268.0,0.0,496.0,0.0,492.0,0.0,268.0,0.0,497.0,126.0,371.0,0.0,498.0,0.0,497.0,0.0,244.0,5.0,496.0,0.0,499.0,0.0,330.0,97.0,401.0,279.0,217.0,251.0,236.0,5.0,495.0,0.0,336.0,94.0,400.0,0.0,487.0,31.0,196.0,494.0,0.0,464.0,34.0,60.0,277.0,9.0,486.0,0.0,415.0,14.0,486.0,0.0,496.0,35.0,299.0,203.0,293.0,9.0,488.0,0.0,354.0,12.0,479.0,0.0,425.0,0.0,474.0,382.0,111.0,131.0,252.0,234.0,264.0,297.0,203.0,410.0,84.0,0.0,475.0,322.0,87.0,88.0,524.0,0.0,634.0,20.0,267.0,34.0,556.0,526.0,5.0,2.0,529.0,254.0,328.0,129.0,257.0,19.0,482.0,48.0,555.0,4.0,277.0,192.0,329.0,405.0,88.0,286.0,215.0,191.0,432.0,252.0,58.0,0.0,529.0,124.0,390.0,0.0,234.0,51.0,412.0,209.0,311.0,20.0,288.0,143.0,401.0,78.0,189.0,112.0,373.0,0.0,500.0,53.0,251.0,0.0,511.0,31.0,470.0,22.0,479.0,61.0,440.0,0.0,218.0,0.0,445.0,0.0,598.0,157.0,78.0,202.0,202.0,0.0,509.0,79.0,393.0,48.0,470.0,69.0,21.0,12.0,506.0,7.0,482.0,13.0,212.0,0.0,453.0,0.0,516.0,0.0,505.0,26.0,406.0,55.0,379.0,0.0,467.0,0.0,472.0,0.0,320.0,0.0,467.0,30.0,465.0,40.0,441.0,0.0,481.0,0.0,501.0,0.0,412.0,0.0,499.0,46.0,231.0,71.0,420.0,436.0,69.0,38.0,476.0,253.0,229.0,0.0,111.0,49.0,435.0,0.0,498.0,12.0,202.0,318.0,172.0,73.0,425.0,0.0,503.0,120.0,348.0,70.0,65.0,138.0,331.0,0.0,494.0,37.0,274.0,0.0,485.0,0.0,486.0,23.0,413.0,0.0,475.0,0.0,142.0,37.0,446.0,0.0,499.0,89.0,205.0,113.0,347.0,119.0,370.0,0.0,498.0,138.0,352.0,167.0,89.0,0.0,500.0,3.0,494.0,266.0,68.0,84.0,412.0,175.0,317.0,195.0,301.0,346.0,151.0,0.0,297.0,0.0,499.0,0.0,500.0,10.0,346.0,0.0,486.0,0.0,492.0,0.0,498.0,0.0,495.0,0.0,287.0,0.0,494.0,0.0,498.0,0.0,342.0,0.0,466.0,16.0,483.0,0.0,497.0,0.0,498.0,0.0,189.0,539.0,205.0,498.0,0.0,286.0,49.0,115.0,365.0,433.0,42.0,101.0,243.0,239.0,256.0,87.0,206.0,14.0,479.0,151.0,342.0,0.0,351.0,0.0,503.0,69.0,425.0,0.0,494.0,145.0,321.0,0.0,354.0,0.0,472.0,0.0,489.0,0.0,290.0,131.0,367.0,86.0,415.0,11.0,487.0,63.0,389.0,49.0,293.0,0.0,497.0,0.0,493.0,0.0,324.0,0.0,500.0,0.0,499.0,0.0,489.0,27.0,458.0,0.0,201.0
count_FAU4,26.0,527.0,498.0,76.0,20.0,253.0,0.0,509.0,74.0,444.0,55.0,438.0,71.0,415.0,38.0,490.0,0.0,521.0,52.0,494.0,15.0,236.0,0.0,542.0,75.0,476.0,447.0,106.0,0.0,626.0,7.0,340.0,0.0,512.0,257.0,374.0,42.0,236.0,0.0,510.0,10.0,504.0,0.0,211.0,0.0,516.0,95.0,433.0,0.0,311.0,501.0,0.0,7.0,274.0,0.0,490.0,66.0,702.0,53.0,447.0,0.0,501.0,300.0,85.0,142.0,359.0,380.0,121.0,82.0,221.0,117.0,384.0,230.0,334.0,527.0,0.0,0.0,483.0,301.0,234.0,0.0,432.0,366.0,145.0,59.0,304.0,35.0,491.0,11.0,491.0,207.0,289.0,0.0,474.0,144.0,128.0,225.0,256.0,503.0,0.0,236.0,144.0,349.0,117.0,466.0,27.0,502.0,0.0,264.0,245.0,229.0,10.0,35.0,449.0,290.0,209.0,40.0,263.0,0.0,479.0,12.0,490.0,128.0,353.0,0.0,448.0,0.0,499.0,302.0,124.0,493.0,0.0,263.0,82.0,112.0,385.0,34.0,430.0,482.0,0.0,148.0,307.0,103.0,32.0,0.0,420.0,264.0,112.0,57.0,291.0,0.0,483.0,77.0,418.0,98.0,389.0,0.0,462.0,115.0,80.0,11.0,439.0,0.0,500.0,73.0,346.0,114.0,385.0,80.0,415.0,172.0,306.0,0.0,472.0,68.0,351.0,0.0,486.0,0.0,493.0,94.0,299.0,77.0,413.0,71.0,415.0,19.0,466.0,0.0,491.0,0.0,219.0,0.0,480.0,0.0,500.0,17.0,334.0,0.0,498.0,0.0,498.0,0.0,478.0,13.0,472.0,0.0,144.0,0.0,498.0,0.0,489.0,0.0,314.0,12.0,485.0,16.0,473.0,104.0,358.0,25.0,472.0,151.0,93.0,93.0,393.0,201.0,296.0,159.0,159.0,0.0,500.0,151.0,347.0,0.0,488.0,153.0,348.0,149.0,14.0,0.0,497.0,0.0,499.0,25.0,291.0,0.0,500.0,14.0,486.0,98.0,360.0,0.0,481.0,0.0,259.0,0.0,480.0,25.0,468.0,61.0,389.0,0.0,485.0,40.0,436.0,50.0,690.0,0.0,500.0,135.0,64.0,0.0,487.0,0.0,496.0,44.0,236.0,23.0,466.0,47.0,452.0,18.0,478.0,0.0,510.0,32.0,236.0,0.0,496.0,0.0,492.0,6.0,262.0,0.0,497.0,53.0,444.0,0.0,498.0,0.0,497.0,210.0,34.0,0.0,501.0,499.0,0.0,3.0,327.0,0.0,498.0,17.0,479.0,43.0,444.0,0.0,500.0,63.0,273.0,0.0,494.0,487.0,0.0,0.0,227.0,0.0,494.0,84.0,414.0,138.0,199.0,0.0,495.0,110.0,305.0,23.0,477.0,496.0,0.0,0.0,334.0,181.0,315.0,21.0,476.0,215.0,139.0,48.0,443.0,321.0,104.0,0.0,474.0,493.0,0.0,7.0,376.0,0.0,498.0,0.0,500.0,0.0,494.0,0.0,475.0,343.0,66.0,0.0,612.0,0.0,634.0,0.0,287.0,0.0,590.0,9.0,522.0,0.0,531.0,0.0,582.0,64.0,322.0,0.0,501.0,114.0,489.0,0.0,281.0,0.0,521.0,0.0,493.0,0.0,501.0,11.0,612.0,0.0,310.0,0.0,529.0,32.0,482.0,11.0,223.0,0.0,463.0,0.0,520.0,132.0,176.0,4.0,540.0,65.0,202.0,113.0,372.0,473.0,27.0,206.0,98.0,0.0,511.0,153.0,348.0,122.0,379.0,81.0,420.0,87.0,131.0,0.0,445.0,257.0,341.0,199.0,36.0,0.0,404.0,0.0,509.0,72.0,400.0,0.0,518.0,90.0,0.0,104.0,414.0,0.0,489.0,49.0,176.0,135.0,318.0,91.0,425.0,473.0,32.0,57.0,375.0,200.0,234.0,0.0,467.0,460.0,12.0,0.0,320.0,0.0,467.0,67.0,428.0,481.0,0.0,72.0,409.0,278.0,223.0,0.0,412.0,0.0,499.0,49.0,228.0,268.0,223.0,161.0,344.0,217.0,297.0,0.0,482.0,72.0,39.0,0.0,484.0,214.0,284.0,71.0,143.0,116.0,374.0,0.0,498.0,192.0,311.0,0.0,468.0,83.0,52.0,25.0,444.0,494.0,0.0,73.0,238.0,38.0,447.0,121.0,365.0,71.0,365.0,0.0,475.0,75.0,67.0,13.0,470.0,101.0,398.0,140.0,154.0,69.0,391.0,21.0,468.0,226.0,272.0,243.0,247.0,173.0,83.0,0.0,500.0,74.0,423.0,8.0,326.0,9.0,487.0,12.0,480.0,0.0,496.0,58.0,439.0,164.0,133.0,0.0,499.0,0.0,500.0,0.0,356.0,0.0,486.0,0.0,492.0,218.0,280.0,11.0,484.0,19.0,268.0,0.0,494.0,424.0,74.0,178.0,164.0,39.0,427.0,3.0,496.0,0.0,497.0,0.0,498.0,108.0,81.0,20.0,724.0,0.0,498.0,61.0,274.0,26.0,454.0,15.0,460.0,46.0,298.0,0.0,495.0,206.0,87.0,285.0,208.0,143.0,350.0,51.0,300.0,91.0,412.0,14.0,480.0,107.0,387.0,18.0,448.0,207.0,147.0,0.0,472.0,489.0,0.0,35.0,255.0,0.0,498.0,10.0,491.0,342.0,156.0,0.0,452.0,342.0,0.0,0.0,497.0,0.0,493.0,38.0,286.0,0.0,500.0,13.0,486.0,0.0,489.0,0.0,485.0,150.0,51.0
count_FAU5,121.0,432.0,68.0,506.0,54.0,219.0,28.0,481.0,0.0,518.0,7.0,486.0,0.0,486.0,0.0,528.0,95.0,426.0,12.0,534.0,0.0,251.0,18.0,524.0,31.0,520.0,0.0,553.0,12.0,614.0,25.0,322.0,0.0,512.0,35.0,596.0,0.0,278.0,54.0,456.0,0.0,514.0,0.0,211.0,99.0,417.0,59.0,469.0,0.0,311.0,0.0,501.0,10.0,271.0,0.0,490.0,69.0,699.0,0.0,500.0,128.0,373.0,0.0,385.0,0.0,501.0,0.0,501.0,0.0,303.0,0.0,501.0,0.0,564.0,0.0,527.0,0.0,483.0,0.0,535.0,22.0,410.0,33.0,478.0,10.0,353.0,0.0,526.0,0.0,502.0,37.0,459.0,0.0,474.0,0.0,272.0,0.0,481.0,47.0,456.0,56.0,324.0,20.0,446.0,0.0,493.0,0.0,502.0,0.0,509.0,0.0,239.0,0.0,484.0,0.0,499.0,0.0,303.0,0.0,479.0,0.0,502.0,0.0,481.0,0.0,448.0,0.0,499.0,0.0,426.0,0.0,493.0,0.0,345.0,0.0,497.0,0.0,464.0,0.0,482.0,0.0,455.0,0.0,135.0,0.0,420.0,9.0,367.0,0.0,348.0,0.0,483.0,0.0,495.0,0.0,487.0,0.0,462.0,0.0,195.0,0.0,450.0,43.0,457.0,0.0,419.0,0.0,499.0,0.0,495.0,0.0,478.0,0.0,472.0,0.0,419.0,0.0,486.0,0.0,493.0,0.0,393.0,0.0,490.0,0.0,486.0,0.0,485.0,0.0,491.0,0.0,219.0,0.0,480.0,0.0,500.0,0.0,351.0,0.0,498.0,0.0,498.0,0.0,478.0,0.0,485.0,0.0,144.0,0.0,498.0,0.0,489.0,0.0,314.0,0.0,497.0,0.0,489.0,0.0,462.0,0.0,497.0,0.0,244.0,159.0,327.0,99.0,398.0,5.0,313.0,0.0,500.0,127.0,371.0,69.0,419.0,101.0,400.0,0.0,163.0,0.0,497.0,0.0,499.0,0.0,316.0,0.0,500.0,0.0,500.0,0.0,458.0,0.0,481.0,0.0,259.0,0.0,480.0,36.0,457.0,135.0,315.0,0.0,485.0,0.0,476.0,0.0,740.0,0.0,500.0,0.0,199.0,0.0,487.0,0.0,496.0,0.0,280.0,0.0,489.0,0.0,499.0,0.0,496.0,0.0,510.0,0.0,268.0,0.0,496.0,0.0,492.0,0.0,268.0,0.0,497.0,0.0,497.0,0.0,498.0,0.0,497.0,0.0,244.0,0.0,501.0,54.0,445.0,0.0,330.0,0.0,498.0,0.0,496.0,0.0,487.0,0.0,500.0,0.0,336.0,0.0,494.0,76.0,411.0,13.0,214.0,11.0,483.0,0.0,498.0,0.0,337.0,0.0,495.0,0.0,415.0,0.0,500.0,0.0,496.0,38.0,296.0,185.0,311.0,0.0,497.0,0.0,354.0,0.0,491.0,6.0,419.0,0.0,474.0,52.0,441.0,0.0,383.0,0.0,498.0,0.0,500.0,0.0,494.0,0.0,475.0,0.0,409.0,0.0,612.0,401.0,233.0,70.0,217.0,75.0,515.0,494.0,37.0,0.0,531.0,162.0,420.0,21.0,365.0,0.0,501.0,21.0,582.0,0.0,281.0,0.0,521.0,0.0,493.0,8.0,493.0,0.0,623.0,0.0,310.0,0.0,529.0,71.0,443.0,0.0,234.0,0.0,463.0,144.0,376.0,0.0,308.0,410.0,134.0,0.0,267.0,0.0,485.0,23.0,477.0,14.0,290.0,0.0,511.0,12.0,489.0,0.0,501.0,0.0,501.0,0.0,218.0,0.0,445.0,0.0,598.0,104.0,131.0,0.0,404.0,0.0,509.0,0.0,472.0,0.0,518.0,0.0,90.0,46.0,472.0,311.0,178.0,10.0,215.0,0.0,453.0,0.0,516.0,64.0,441.0,0.0,432.0,0.0,434.0,0.0,467.0,0.0,472.0,12.0,308.0,0.0,467.0,0.0,495.0,0.0,481.0,0.0,481.0,0.0,501.0,0.0,412.0,0.0,499.0,88.0,189.0,0.0,491.0,0.0,505.0,0.0,514.0,16.0,466.0,0.0,111.0,0.0,484.0,0.0,498.0,0.0,214.0,0.0,490.0,50.0,448.0,0.0,503.0,0.0,468.0,0.0,135.0,0.0,469.0,0.0,494.0,0.0,311.0,0.0,485.0,0.0,486.0,0.0,436.0,0.0,475.0,0.0,142.0,30.0,453.0,0.0,499.0,0.0,294.0,0.0,460.0,0.0,489.0,0.0,498.0,0.0,490.0,0.0,256.0,0.0,500.0,0.0,497.0,117.0,217.0,59.0,437.0,0.0,492.0,0.0,496.0,0.0,497.0,0.0,297.0,0.0,499.0,0.0,500.0,18.0,338.0,0.0,486.0,0.0,492.0,0.0,498.0,0.0,495.0,0.0,287.0,0.0,494.0,0.0,498.0,0.0,342.0,0.0,466.0,0.0,499.0,0.0,497.0,0.0,498.0,0.0,189.0,0.0,744.0,0.0,498.0,0.0,335.0,0.0,480.0,0.0,475.0,0.0,344.0,0.0,495.0,0.0,293.0,10.0,483.0,73.0,420.0,178.0,173.0,0.0,503.0,0.0,494.0,0.0,494.0,0.0,466.0,0.0,354.0,0.0,472.0,0.0,489.0,37.0,253.0,85.0,413.0,15.0,486.0,5.0,493.0,0.0,452.0,0.0,342.0,0.0,497.0,0.0,493.0,48.0,276.0,0.0,500.0,0.0,499.0,0.0,489.0,23.0,462.0,0.0,201.0
count_FAU7,0.0,553.0,0.0,574.0,4.0,269.0,482.0,27.0,351.0,167.0,233.0,260.0,477.0,9.0,318.0,210.0,516.0,5.0,6.0,540.0,118.0,133.0,542.0,0.0,523.0,28.0,448.0,105.0,622.0,4.0,283.0,64.0,124.0,388.0,50.0,581.0,15.0,263.0,480.0,30.0,403.0,111.0,53.0,158.0,340.0,176.0,410.0,118.0,292.0,19.0,0.0,501.0,77.0,204.0,292.0,198.0,466.0,302.0,149.0,351.0,200.0,301.0,253.0,132.0,266.0,235.0,20.0,481.0,131.0,172.0,437.0,64.0,24.0,540.0,373.0,154.0,0.0,483.0,0.0,535.0,205.0,227.0,156.0,355.0,126.0,237.0,22.0,504.0,138.0,364.0,125.0,371.0,109.0,365.0,158.0,114.0,481.0,0.0,448.0,55.0,32.0,348.0,383.0,83.0,462.0,31.0,502.0,0.0,432.0,77.0,229.0,10.0,176.0,308.0,0.0,499.0,10.0,293.0,164.0,315.0,502.0,0.0,263.0,218.0,142.0,306.0,148.0,351.0,0.0,426.0,210.0,283.0,0.0,345.0,247.0,250.0,161.0,303.0,0.0,482.0,19.0,436.0,0.0,135.0,420.0,0.0,0.0,376.0,229.0,119.0,266.0,217.0,495.0,0.0,476.0,11.0,409.0,53.0,173.0,22.0,443.0,7.0,0.0,500.0,263.0,156.0,457.0,42.0,469.0,26.0,478.0,0.0,240.0,232.0,274.0,145.0,300.0,186.0,372.0,121.0,178.0,215.0,490.0,0.0,210.0,276.0,473.0,12.0,0.0,491.0,219.0,0.0,480.0,0.0,104.0,396.0,18.0,333.0,498.0,0.0,0.0,498.0,4.0,474.0,440.0,45.0,144.0,0.0,262.0,236.0,0.0,489.0,0.0,314.0,381.0,116.0,489.0,0.0,462.0,0.0,16.0,481.0,228.0,16.0,445.0,41.0,57.0,440.0,160.0,158.0,368.0,132.0,471.0,27.0,59.0,429.0,222.0,279.0,116.0,47.0,242.0,255.0,44.0,455.0,192.0,124.0,302.0,198.0,257.0,243.0,458.0,0.0,243.0,238.0,216.0,43.0,286.0,194.0,28.0,465.0,61.0,389.0,59.0,426.0,214.0,262.0,60.0,680.0,243.0,257.0,99.0,100.0,471.0,16.0,396.0,100.0,59.0,221.0,408.0,81.0,499.0,0.0,496.0,0.0,510.0,0.0,251.0,17.0,403.0,93.0,54.0,438.0,87.0,181.0,455.0,42.0,497.0,0.0,367.0,131.0,329.0,168.0,244.0,0.0,501.0,0.0,499.0,0.0,249.0,81.0,382.0,116.0,313.0,183.0,487.0,0.0,479.0,21.0,336.0,0.0,426.0,68.0,0.0,487.0,25.0,202.0,424.0,70.0,496.0,2.0,293.0,44.0,495.0,0.0,0.0,415.0,500.0,0.0,15.0,481.0,163.0,171.0,429.0,67.0,497.0,0.0,189.0,165.0,364.0,127.0,425.0,0.0,296.0,178.0,324.0,169.0,202.0,181.0,498.0,0.0,134.0,366.0,46.0,448.0,136.0,339.0,301.0,108.0,250.0,362.0,0.0,634.0,57.0,230.0,590.0,0.0,306.0,225.0,365.0,166.0,142.0,440.0,257.0,129.0,340.0,161.0,174.0,429.0,7.0,274.0,521.0,0.0,493.0,0.0,330.0,171.0,623.0,0.0,292.0,18.0,249.0,280.0,73.0,441.0,84.0,150.0,463.0,0.0,342.0,178.0,308.0,0.0,331.0,213.0,267.0,0.0,485.0,0.0,500.0,0.0,304.0,0.0,511.0,0.0,501.0,0.0,501.0,0.0,501.0,0.0,218.0,0.0,413.0,32.0,254.0,344.0,118.0,117.0,378.0,26.0,238.0,271.0,0.0,472.0,443.0,75.0,90.0,0.0,255.0,263.0,56.0,433.0,12.0,213.0,231.0,222.0,46.0,470.0,182.0,323.0,0.0,432.0,36.0,398.0,261.0,206.0,387.0,85.0,102.0,218.0,202.0,265.0,495.0,0.0,481.0,0.0,481.0,0.0,308.0,193.0,355.0,57.0,0.0,499.0,45.0,232.0,155.0,336.0,164.0,341.0,351.0,163.0,353.0,129.0,76.0,35.0,229.0,255.0,0.0,498.0,53.0,161.0,85.0,405.0,220.0,278.0,97.0,406.0,130.0,338.0,99.0,36.0,279.0,190.0,494.0,0.0,0.0,311.0,46.0,439.0,289.0,197.0,179.0,257.0,0.0,475.0,107.0,35.0,90.0,393.0,0.0,499.0,25.0,269.0,273.0,187.0,349.0,140.0,113.0,385.0,52.0,438.0,203.0,53.0,471.0,29.0,461.0,36.0,157.0,177.0,184.0,312.0,138.0,354.0,0.0,496.0,17.0,480.0,218.0,79.0,334.0,165.0,276.0,224.0,231.0,125.0,377.0,109.0,492.0,0.0,387.0,111.0,174.0,321.0,237.0,50.0,320.0,174.0,332.0,166.0,255.0,87.0,266.0,200.0,102.0,397.0,467.0,30.0,200.0,298.0,156.0,33.0,258.0,486.0,69.0,429.0,171.0,164.0,268.0,212.0,223.0,252.0,311.0,33.0,326.0,169.0,269.0,24.0,269.0,224.0,19.0,474.0,129.0,222.0,457.0,46.0,281.0,213.0,102.0,392.0,0.0,466.0,246.0,108.0,0.0,472.0,45.0,444.0,202.0,88.0,340.0,158.0,349.0,152.0,498.0,0.0,443.0,9.0,290.0,52.0,94.0,403.0,0.0,493.0,94.0,230.0,146.0,354.0,439.0,60.0,0.0,489.0,62.0,423.0,160.0,41.0
count_FAU12,553.0,0.0,0.0,574.0,0.0,273.0,509.0,0.0,452.0,66.0,319.0,174.0,476.0,10.0,358.0,170.0,521.0,0.0,0.0,546.0,101.0,150.0,542.0,0.0,377.0,174.0,63.0,490.0,626.0,0.0,190.0,157.0,211.0,301.0,12.0,619.0,99.0,179.0,425.0,85.0,467.0,47.0,181.0,30.0,342.0,174.0,504.0,24.0,311.0,0.0,0.0,501.0,135.0,146.0,490.0,0.0,768.0,0.0,500.0,0.0,491.0,10.0,287.0,98.0,306.0,195.0,0.0,501.0,133.0,170.0,427.0,74.0,27.0,537.0,0.0,527.0,218.0,265.0,51.0,484.0,432.0,0.0,0.0,511.0,184.0,179.0,525.0,1.0,475.0,27.0,150.0,346.0,433.0,41.0,272.0,0.0,379.0,102.0,0.0,503.0,38.0,342.0,425.0,41.0,425.0,68.0,193.0,309.0,292.0,217.0,0.0,239.0,484.0,0.0,0.0,499.0,303.0,0.0,479.0,0.0,502.0,0.0,212.0,269.0,448.0,0.0,274.0,225.0,426.0,0.0,0.0,493.0,24.0,321.0,389.0,108.0,289.0,175.0,0.0,482.0,128.0,327.0,42.0,93.0,360.0,60.0,0.0,376.0,184.0,164.0,483.0,0.0,495.0,0.0,134.0,353.0,376.0,86.0,175.0,20.0,396.0,54.0,0.0,500.0,238.0,181.0,453.0,46.0,495.0,0.0,301.0,177.0,411.0,61.0,419.0,0.0,486.0,0.0,0.0,493.0,143.0,250.0,490.0,0.0,468.0,18.0,451.0,34.0,491.0,0.0,137.0,82.0,480.0,0.0,0.0,500.0,177.0,174.0,498.0,0.0,498.0,0.0,97.0,381.0,485.0,0.0,144.0,0.0,181.0,317.0,0.0,489.0,0.0,314.0,453.0,44.0,336.0,153.0,163.0,299.0,479.0,18.0,192.0,52.0,429.0,57.0,0.0,497.0,9.0,309.0,405.0,95.0,495.0,3.0,0.0,488.0,216.0,285.0,90.0,73.0,497.0,0.0,0.0,499.0,29.0,287.0,498.0,2.0,417.0,83.0,7.0,451.0,410.0,71.0,143.0,116.0,343.0,137.0,0.0,493.0,231.0,219.0,485.0,0.0,240.0,236.0,75.0,665.0,356.0,144.0,33.0,166.0,481.0,6.0,0.0,496.0,71.0,209.0,489.0,0.0,473.0,26.0,96.0,400.0,510.0,0.0,181.0,87.0,496.0,0.0,0.0,492.0,88.0,180.0,480.0,17.0,497.0,0.0,459.0,39.0,291.0,206.0,244.0,0.0,400.0,101.0,5.0,494.0,193.0,137.0,498.0,0.0,496.0,0.0,0.0,487.0,500.0,0.0,336.0,0.0,494.0,0.0,0.0,487.0,31.0,196.0,494.0,0.0,498.0,0.0,337.0,0.0,495.0,0.0,263.0,152.0,271.0,229.0,0.0,496.0,77.0,257.0,451.0,45.0,350.0,147.0,182.0,172.0,255.0,236.0,0.0,425.0,305.0,169.0,0.0,493.0,48.0,335.0,498.0,0.0,83.0,417.0,0.0,494.0,216.0,259.0,183.0,226.0,478.0,134.0,249.0,385.0,45.0,242.0,590.0,0.0,509.0,22.0,343.0,188.0,581.0,1.0,230.0,156.0,181.0,320.0,0.0,603.0,0.0,281.0,436.0,85.0,273.0,220.0,303.0,198.0,369.0,254.0,106.0,204.0,295.0,234.0,203.0,311.0,23.0,211.0,431.0,32.0,520.0,0.0,308.0,0.0,447.0,97.0,253.0,14.0,304.0,181.0,0.0,500.0,90.0,214.0,511.0,0.0,466.0,35.0,145.0,356.0,257.0,244.0,86.0,132.0,427.0,18.0,0.0,598.0,73.0,162.0,379.0,25.0,398.0,111.0,431.0,41.0,518.0,0.0,25.0,65.0,376.0,142.0,0.0,489.0,94.0,131.0,442.0,11.0,152.0,364.0,0.0,505.0,0.0,432.0,172.0,262.0,381.0,86.0,0.0,472.0,115.0,205.0,317.0,150.0,297.0,198.0,291.0,190.0,0.0,481.0,62.0,439.0,355.0,57.0,0.0,499.0,0.0,277.0,128.0,363.0,486.0,19.0,43.0,471.0,432.0,50.0,0.0,111.0,443.0,41.0,0.0,498.0,58.0,156.0,322.0,168.0,424.0,74.0,0.0,503.0,169.0,299.0,0.0,135.0,469.0,0.0,0.0,494.0,233.0,78.0,423.0,62.0,486.0,0.0,133.0,303.0,475.0,0.0,0.0,142.0,475.0,8.0,0.0,499.0,60.0,234.0,375.0,85.0,409.0,80.0,139.0,359.0,0.0,490.0,0.0,256.0,475.0,25.0,0.0,497.0,27.0,307.0,359.0,137.0,102.0,390.0,0.0,496.0,0.0,497.0,0.0,297.0,280.0,219.0,0.0,500.0,30.0,326.0,330.0,156.0,153.0,339.0,0.0,498.0,0.0,495.0,0.0,287.0,365.0,129.0,0.0,498.0,161.0,181.0,456.0,10.0,457.0,42.0,497.0,0.0,469.0,29.0,189.0,0.0,735.0,9.0,0.0,498.0,144.0,191.0,480.0,0.0,449.0,26.0,309.0,35.0,495.0,0.0,73.0,220.0,412.0,81.0,0.0,493.0,111.0,240.0,413.0,90.0,335.0,159.0,0.0,494.0,74.0,392.0,37.0,317.0,441.0,31.0,0.0,489.0,247.0,43.0,498.0,0.0,448.0,53.0,328.0,170.0,321.0,131.0,213.0,129.0,302.0,195.0,0.0,493.0,121.0,203.0,357.0,143.0,499.0,0.0,0.0,489.0,133.0,352.0,0.0,201.0
count_FAU25,0.0,0.0,0.0,0.0,0.0,0.0,0.0,0.0,0.0,0.0,0.0,0.0,0.0,0.0,0.0,0.0,0.0,0.0,0.0,0.0,0.0,0.0,0.0,0.0,0.0,0.0,0.0,0.0,0.0,0.0,0.0,0.0,0.0,0.0,0.0,0.0,0.0,0.0,0.0,0.0,0.0,0.0,0.0,0.0,0.0,0.0,0.0,0.0,0.0,0.0,0.0,0.0,0.0,0.0,0.0,0.0,0.0,0.0,0.0,0.0,0.0,0.0,0.0,0.0,0.0,0.0,0.0,0.0,0.0,0.0,0.0,0.0,0.0,0.0,0.0,0.0,0.0,0.0,0.0,0.0,0.0,0.0,0.0,0.0,0.0,0.0,0.0,0.0,0.0,0.0,0.0,0.0,0.0,0.0,0.0,0.0,0.0,0.0,0.0,0.0,0.0,0.0,0.0,0.0,0.0,0.0,0.0,0.0,0.0,0.0,0.0,0.0,0.0,0.0,0.0,0.0,0.0,0.0,0.0,0.0,0.0,0.0,0.0,0.0,0.0,0.0,0.0,0.0,0.0,0.0,0.0,0.0,0.0,0.0,0.0,0.0,0.0,0.0,0.0,0.0,0.0,0.0,0.0,0.0,0.0,0.0,0.0,0.0,0.0,0.0,0.0,0.0,0.0,0.0,0.0,0.0,0.0,0.0,0.0,0.0,0.0,0.0,0.0,0.0,0.0,0.0,0.0,0.0,0.0,0.0,0.0,0.0,0.0,0.0,0.0,0.0,0.0,0.0,0.0,0.0,0.0,0.0,0.0,0.0,0.0,0.0,0.0,0.0,0.0,0.0,0.0,0.0,0.0,0.0,0.0,0.0,0.0,0.0,0.0,0.0,0.0,0.0,0.0,0.0,0.0,0.0,0.0,0.0,0.0,0.0,0.0,0.0,0.0,0.0,0.0,0.0,0.0,0.0,0.0,0.0,0.0,0.0,0.0,0.0,0.0,0.0,0.0,0.0,0.0,0.0,0.0,0.0,0.0,0.0,0.0,0.0,0.0,0.0,0.0,0.0,0.0,0.0,0.0,0.0,0.0,0.0,0.0,0.0,0.0,0.0,0.0,0.0,0.0,0.0,0.0,0.0,0.0,0.0,0.0,0.0,0.0,0.0,0.0,0.0,0.0,0.0,0.0,0.0,0.0,0.0,0.0,0.0,0.0,0.0,0.0,0.0,0.0,0.0,0.0,0.0,0.0,0.0,0.0,0.0,0.0,0.0,0.0,0.0,0.0,0.0,0.0,0.0,0.0,0.0,0.0,0.0,0.0,0.0,0.0,0.0,0.0,0.0,0.0,0.0,0.0,0.0,0.0,0.0,0.0,0.0,0.0,0.0,0.0,0.0,0.0,0.0,0.0,0.0,0.0,0.0,0.0,0.0,0.0,0.0,0.0,0.0,0.0,0.0,0.0,0.0,0.0,0.0,0.0,0.0,0.0,0.0,0.0,0.0,0.0,0.0,0.0,0.0,0.0,0.0,0.0,0.0,0.0,0.0,0.0,0.0,0.0,0.0,0.0,0.0,0.0,0.0,0.0,0.0,0.0,0.0,0.0,0.0,0.0,0.0,0.0,0.0,0.0,0.0,0.0,0.0,0.0,0.0,0.0,0.0,0.0,0.0,0.0,0.0,0.0,0.0,0.0,0.0,0.0,0.0,0.0,0.0,0.0,0.0,0.0,0.0,0.0,0.0,0.0,0.0,0.0,0.0,0.0,0.0,0.0,0.0,0.0,0.0,0.0,0.0,0.0,0.0,0.0,0.0,0.0,0.0,0.0,0.0,0.0,0.0,0.0,0.0,0.0,0.0,0.0,0.0,0.0,0.0,0.0,0.0,0.0,0.0,0.0,0.0,0.0,0.0,0.0,0.0,0.0,0.0,0.0,0.0,0.0,0.0,0.0,0.0,0.0,0.0,0.0,0.0,0.0,0.0,0.0,0.0,0.0,0.0,0.0,0.0,0.0,0.0,0.0,0.0,0.0,0.0,0.0,0.0,0.0,0.0,0.0,0.0,0.0,0.0,0.0,0.0,0.0,0.0,0.0,0.0,0.0,0.0,0.0,0.0,0.0,0.0,0.0,0.0,0.0,0.0,0.0,0.0,0.0,0.0,0.0,0.0,0.0,0.0,0.0,0.0,0.0,0.0,0.0,0.0,0.0,0.0,0.0,0.0,0.0,0.0,0.0,0.0,0.0,0.0,0.0,0.0,0.0,0.0,0.0,0.0,0.0,0.0,0.0,0.0,0.0,0.0,0.0,0.0,0.0,0.0,0.0,0.0,0.0,0.0,0.0,0.0,0.0,0.0,0.0,0.0,0.0,0.0,0.0,0.0,0.0,0.0,0.0,0.0,0.0,0.0,0.0,0.0,0.0,0.0,0.0,0.0,0.0,0.0,0.0,0.0,0.0,0.0,0.0,0.0,0.0,0.0,0.0,0.0,0.0,0.0,0.0,0.0,0.0,0.0,0.0,0.0,0.0,0.0,0.0,0.0,0.0,0.0,0.0,0.0,0.0,0.0,0.0,0.0,0.0,0.0,0.0,0.0,0.0,0.0,0.0,0.0,0.0,0.0,0.0,0.0,0.0,0.0,0.0,0.0,0.0,0.0,0.0,0.0,0.0,0.0,0.0,0.0,0.0,0.0,0.0,0.0,0.0,0.0,0.0,0.0,0.0,0.0,0.0,0.0,0.0,0.0,0.0,0.0,0.0,0.0,0.0,0.0,0.0,0.0,0.0,0.0,0.0,0.0,0.0,0.0,0.0,0.0,0.0,0.0,0.0,0.0,0.0,0.0,0.0,0.0,0.0,0.0,0.0,0.0,0.0,0.0,0.0,0.0,0.0,0.0,0.0,0.0,0.0,0.0
count_FAU26,0.0,0.0,0.0,0.0,0.0,0.0,0.0,0.0,0.0,0.0,0.0,0.0,0.0,0.0,0.0,0.0,0.0,0.0,0.0,0.0,0.0,0.0,0.0,0.0,0.0,0.0,0.0,0.0,0.0,0.0,0.0,0.0,0.0,0.0,0.0,0.0,0.0,0.0,0.0,0.0,0.0,0.0,0.0,0.0,0.0,0.0,0.0,0.0,0.0,0.0,0.0,0.0,0.0,0.0,0.0,0.0,0.0,0.0,0.0,0.0,0.0,0.0,0.0,0.0,0.0,0.0,0.0,0.0,0.0,0.0,0.0,0.0,0.0,0.0,0.0,0.0,0.0,0.0,0.0,0.0,0.0,0.0,0.0,0.0,0.0,0.0,0.0,0.0,0.0,0.0,0.0,0.0,0.0,0.0,0.0,0.0,0.0,0.0,0.0,0.0,0.0,0.0,0.0,0.0,0.0,0.0,0.0,0.0,0.0,0.0,0.0,0.0,0.0,0.0,0.0,0.0,0.0,0.0,0.0,0.0,0.0,0.0,0.0,0.0,0.0,0.0,0.0,0.0,0.0,0.0,0.0,0.0,0.0,0.0,0.0,0.0,0.0,0.0,0.0,0.0,0.0,0.0,0.0,0.0,0.0,0.0,0.0,0.0,0.0,0.0,0.0,0.0,0.0,0.0,0.0,0.0,0.0,0.0,0.0,0.0,0.0,0.0,0.0,0.0,0.0,0.0,0.0,0.0,0.0,0.0,0.0,0.0,0.0,0.0,0.0,0.0,0.0,0.0,0.0,0.0,0.0,0.0,0.0,0.0,0.0,0.0,0.0,0.0,0.0,0.0,0.0,0.0,0.0,0.0,0.0,0.0,0.0,0.0,0.0,0.0,0.0,0.0,0.0,0.0,0.0,0.0,0.0,0.0,0.0,0.0,0.0,0.0,0.0,0.0,0.0,0.0,0.0,0.0,0.0,0.0,0.0,0.0,0.0,0.0,0.0,0.0,0.0,0.0,0.0,0.0,0.0,0.0,0.0,0.0,0.0,0.0,0.0,0.0,0.0,0.0,0.0,0.0,0.0,0.0,0.0,0.0,0.0,0.0,0.0,0.0,0.0,0.0,0.0,0.0,0.0,0.0,0.0,0.0,0.0,0.0,0.0,0.0,0.0,0.0,0.0,0.0,0.0,0.0,0.0,0.0,0.0,0.0,0.0,0.0,0.0,0.0,0.0,0.0,0.0,0.0,0.0,0.0,0.0,0.0,0.0,0.0,0.0,0.0,0.0,0.0,0.0,0.0,0.0,0.0,0.0,0.0,0.0,0.0,0.0,0.0,0.0,0.0,0.0,0.0,0.0,0.0,0.0,0.0,0.0,0.0,0.0,0.0,0.0,0.0,0.0,0.0,0.0,0.0,0.0,0.0,0.0,0.0,0.0,0.0,0.0,0.0,0.0,0.0,0.0,0.0,0.0,0.0,0.0,0.0,0.0,0.0,0.0,0.0,0.0,0.0,0.0,0.0,0.0,0.0,0.0,0.0,0.0,0.0,0.0,0.0,0.0,0.0,0.0,0.0,0.0,0.0,0.0,0.0,0.0,0.0,0.0,0.0,0.0,0.0,0.0,0.0,0.0,0.0,0.0,0.0,0.0,0.0,0.0,0.0,0.0,0.0,0.0,0.0,0.0,0.0,0.0,0.0,0.0,0.0,0.0,0.0,0.0,0.0,0.0,0.0,0.0,0.0,0.0,0.0,0.0,0.0,0.0,0.0,0.0,0.0,0.0,0.0,0.0,0.0,0.0,0.0,0.0,0.0,0.0,0.0,0.0,0.0,0.0,0.0,0.0,0.0,0.0,0.0,0.0,0.0,0.0,0.0,0.0,0.0,0.0,0.0,0.0,0.0,0.0,0.0,0.0,0.0,0.0,0.0,0.0,0.0,0.0,0.0,0.0,0.0,0.0,0.0,0.0,0.0,0.0,0.0,0.0,0.0,0.0,0.0,0.0,0.0,0.0,0.0,0.0,0.0,0.0,0.0,0.0,0.0,0.0,0.0,0.0,0.0,0.0,0.0,0.0,0.0,0.0,0.0,0.0,0.0,0.0,0.0,0.0,0.0,0.0,0.0,0.0,0.0,0.0,0.0,0.0,0.0,0.0,0.0,0.0,0.0,0.0,0.0,0.0,0.0,0.0,0.0,0.0,0.0,0.0,0.0,0.0,0.0,0.0,0.0,0.0,0.0,0.0,0.0,0.0,0.0,0.0,0.0,0.0,0.0,0.0,0.0,0.0,0.0,0.0,0.0,0.0,0.0,0.0,0.0,0.0,0.0,0.0,0.0,0.0,0.0,0.0,0.0,0.0,0.0,0.0,0.0,0.0,0.0,0.0,0.0,0.0,0.0,0.0,0.0,0.0,0.0,0.0,0.0,0.0,0.0,0.0,0.0,0.0,0.0,0.0,0.0,0.0,0.0,0.0,0.0,0.0,0.0,0.0,0.0,0.0,0.0,0.0,0.0,0.0,0.0,0.0,0.0,0.0,0.0,0.0,0.0,0.0,0.0,0.0,0.0,0.0,0.0,0.0,0.0,0.0,0.0,0.0,0.0,0.0,0.0,0.0,0.0,0.0,0.0,0.0,0.0,0.0,0.0,0.0,0.0,0.0,0.0,0.0,0.0,0.0,0.0,0.0,0.0,0.0,0.0,0.0,0.0,0.0,0.0,0.0,0.0,0.0,0.0,0.0,0.0,0.0,0.0,0.0,0.0,0.0,0.0,0.0,0.0,0.0,0.0,0.0,0.0,0.0,0.0,0.0,0.0,0.0,0.0,0.0,0.0,0.0,0.0,0.0,0.0,0.0,0.0,0.0,0.0,0.0,0.0,0.0,0.0,0.0,0.0,0.0,0.0,0.0,0.0
count_FAU43,0.0,0.0,0.0,0.0,0.0,0.0,0.0,0.0,0.0,0.0,0.0,0.0,0.0,0.0,0.0,0.0,0.0,0.0,0.0,0.0,0.0,0.0,0.0,0.0,0.0,0.0,0.0,0.0,0.0,0.0,0.0,0.0,0.0,0.0,0.0,0.0,0.0,0.0,0.0,0.0,0.0,0.0,0.0,0.0,0.0,0.0,0.0,0.0,0.0,0.0,0.0,0.0,0.0,0.0,0.0,0.0,0.0,0.0,0.0,0.0,0.0,0.0,0.0,0.0,0.0,0.0,0.0,0.0,0.0,0.0,0.0,0.0,0.0,0.0,0.0,0.0,0.0,0.0,0.0,0.0,0.0,0.0,0.0,0.0,0.0,0.0,0.0,0.0,0.0,0.0,0.0,0.0,0.0,0.0,0.0,0.0,0.0,0.0,0.0,0.0,0.0,0.0,0.0,0.0,0.0,0.0,0.0,0.0,0.0,0.0,0.0,0.0,0.0,0.0,0.0,0.0,0.0,0.0,0.0,0.0,0.0,0.0,0.0,0.0,0.0,0.0,0.0,0.0,0.0,0.0,0.0,0.0,0.0,0.0,0.0,0.0,0.0,0.0,0.0,0.0,0.0,0.0,0.0,0.0,0.0,0.0,0.0,0.0,0.0,0.0,0.0,0.0,0.0,0.0,0.0,0.0,0.0,0.0,0.0,0.0,0.0,0.0,0.0,0.0,0.0,0.0,0.0,0.0,0.0,0.0,0.0,0.0,0.0,0.0,0.0,0.0,0.0,0.0,0.0,0.0,0.0,0.0,0.0,0.0,0.0,0.0,0.0,0.0,0.0,0.0,0.0,0.0,0.0,0.0,0.0,0.0,0.0,0.0,0.0,0.0,0.0,0.0,0.0,0.0,0.0,0.0,0.0,0.0,0.0,0.0,0.0,0.0,0.0,0.0,0.0,0.0,0.0,0.0,0.0,0.0,0.0,0.0,0.0,0.0,0.0,0.0,0.0,0.0,0.0,0.0,0.0,0.0,0.0,0.0,0.0,0.0,0.0,0.0,0.0,0.0,0.0,0.0,0.0,0.0,0.0,0.0,0.0,0.0,0.0,0.0,0.0,0.0,0.0,0.0,0.0,0.0,0.0,0.0,0.0,0.0,0.0,0.0,0.0,0.0,0.0,0.0,0.0,0.0,0.0,0.0,0.0,0.0,0.0,0.0,0.0,0.0,0.0,0.0,0.0,0.0,0.0,0.0,0.0,0.0,0.0,0.0,0.0,0.0,0.0,0.0,0.0,0.0,0.0,0.0,0.0,0.0,0.0,0.0,0.0,0.0,0.0,0.0,0.0,0.0,0.0,0.0,0.0,0.0,0.0,0.0,0.0,0.0,0.0,0.0,0.0,0.0,0.0,0.0,0.0,0.0,0.0,0.0,0.0,0.0,0.0,0.0,0.0,0.0,0.0,0.0,0.0,0.0,0.0,0.0,0.0,0.0,0.0,0.0,0.0,0.0,0.0,0.0,0.0,0.0,0.0,0.0,0.0,0.0,0.0,0.0,0.0,0.0,0.0,0.0,0.0,0.0,0.0,0.0,0.0,0.0,0.0,0.0,0.0,0.0,0.0,0.0,0.0,0.0,0.0,0.0,0.0,0.0,0.0,0.0,0.0,0.0,0.0,0.0,0.0,0.0,0.0,0.0,0.0,0.0,0.0,0.0,0.0,0.0,0.0,0.0,0.0,0.0,0.0,0.0,0.0,0.0,0.0,0.0,0.0,0.0,0.0,0.0,0.0,0.0,0.0,0.0,0.0,0.0,0.0,0.0,0.0,0.0,0.0,0.0,0.0,0.0,0.0,0.0,0.0,0.0,0.0,0.0,0.0,0.0,0.0,0.0,0.0,0.0,0.0,0.0,0.0,0.0,0.0,0.0,0.0,0.0,0.0,0.0,0.0,0.0,0.0,0.0,0.0,0.0,0.0,0.0,0.0,0.0,0.0,0.0,0.0,0.0,0.0,0.0,0.0,0.0,0.0,0.0,0.0,0.0,0.0,0.0,0.0,0.0,0.0,0.0,0.0,0.0,0.0,0.0,0.0,0.0,0.0,0.0,0.0,0.0,0.0,0.0,0.0,0.0,0.0,0.0,0.0,0.0,0.0,0.0,0.0,0.0,0.0,0.0,0.0,0.0,0.0,0.0,0.0,0.0,0.0,0.0,0.0,0.0,0.0,0.0,0.0,0.0,0.0,0.0,0.0,0.0,0.0,0.0,0.0,0.0,0.0,0.0,0.0,0.0,0.0,0.0,0.0,0.0,0.0,0.0,0.0,0.0,0.0,0.0,0.0,0.0,0.0,0.0,0.0,0.0,0.0,0.0,0.0,0.0,0.0,0.0,0.0,0.0,0.0,0.0,0.0,0.0,0.0,0.0,0.0,0.0,0.0,0.0,0.0,0.0,0.0,0.0,0.0,0.0,0.0,0.0,0.0,0.0,0.0,0.0,0.0,0.0,0.0,0.0,0.0,0.0,0.0,0.0,0.0,0.0,0.0,0.0,0.0,0.0,0.0,0.0,0.0,0.0,0.0,0.0,0.0,0.0,0.0,0.0,0.0,0.0,0.0,0.0,0.0,0.0,0.0,0.0,0.0,0.0,0.0,0.0,0.0,0.0,0.0,0.0,0.0,0.0,0.0,0.0,0.0,0.0,0.0,0.0,0.0,0.0,0.0,0.0,0.0,0.0,0.0,0.0,0.0,0.0,0.0,0.0,0.0,0.0,0.0,0.0,0.0,0.0,0.0,0.0,0.0,0.0,0.0,0.0,0.0,0.0,0.0,0.0,0.0,0.0,0.0,0.0,0.0,0.0,0.0,0.0,0.0,0.0,0.0,0.0,0.0,0.0,0.0,0.0,0.0,0.0
